Actual_Sales,Predicted_Sales_XGBoost,Prediction_Error,Error_Percentage
4323.281306248006,4151.4487,171.83257577925633,3.9745869770473616
2885.968449620785,3598.9504,712.9819898323399,24.705120734290265
3218.706389937824,3119.3105,99.39584306282404,3.088068031726997
3858.1056646168863,3774.9036,83.20210016376132,2.15655317392722
3372.9817062514167,3603.352,230.37034452983335,6.82987233825993
3679.1114141277367,3734.3188,55.20743352851332,1.5005643296508375
3602.525254275991,3684.2766,81.75135705213415,2.2692792217098265
3931.746415783215,3835.5671,96.17927711134007,2.4462227961917242
3402.827037959452,3234.14,168.6871453813269,4.957264753676175
3904.7862123043433,3662.048,242.73811660121828,6.216425263855111
4231.5392771684765,4048.0083,183.53097638722647,4.337215475642134
4220.946528439392,3929.4988,291.44774914251684,6.904796049389274
3587.822573500725,3613.1936,25.371030014900043,0.707142828140047
3181.593187144291,3123.1013,58.49186878491582,1.8384458774069885
3761.547193249432,3575.4243,186.12287684318198,4.948040454661923
3294.8235204085554,3384.2415,89.4179346695696,2.7138914759987465
3601.0494965813214,3650.6292,49.579653809303636,1.3768112284036194
3185.608251638902,3365.6367,180.02846711109805,5.651305901109425
3360.3743490515208,3540.7195,180.34513337035423,5.366816748296433
3561.8344201198693,3327.0342,234.80024043236926,6.592115543216839
2886.939115770292,3122.0964,235.15731977658288,8.145558681580933
3677.719569545331,3490.336,187.38363204533107,5.095103868087934
3921.859615615612,3912.9019,8.957760146861801,0.22840593557186029
4072.0398214993984,3741.064,330.9758566556484,8.128011295669921
3299.8236657573734,3305.3699,5.546207289501581,0.1680758686306536
3781.036590012353,3715.8545,65.18209782485292,1.7239213711137336
4142.082492608626,4214.9224,72.83987067262387,1.7585325932692935
3599.430608284445,4001.2136,401.78301476242996,11.162404793627266
3953.079521274993,3660.54,292.5394822124931,7.40029338236383
3557.322810322659,3487.499,69.82378688515882,1.9628184060930254
3550.219269170249,3390.0608,160.15847815462394,4.511227786560234
2584.832218936876,2993.4578,408.62554473499904,15.808590659824876
3113.987592758332,3165.5615,51.573930679167916,1.6562021890872198
3580.4042259736884,3655.854,75.44977793256157,2.107297756639282
3740.180760846933,4051.4355,311.254786028067,8.32191826893377
4167.950714769717,3982.5073,185.4433905509668,4.449270234742032
3205.852568424793,3338.7744,132.92184563770707,4.146224531560997
3112.1881008387786,3159.3606,47.17249486434639,1.515734053852103
3196.0071722284965,3497.3003,301.29312074025347,9.427172859883454
3046.789071964314,3006.6323,40.15674774556419,1.31800222454108
3570.268678513533,3476.478,93.7906511697829,2.6269914007937425
3360.1721674815444,3384.7878,24.61567431533058,0.7325718174072038
3821.044020969727,3889.1453,68.10124270214783,1.782267943745508
3691.798390176242,3600.3586,91.43974759811681,2.4768348087868253
3720.00625834968,3778.8865,58.88021625969486,1.5827988495324765
3663.3860016618414,3391.5947,271.7912750993414,7.41912741316496
3598.3140842639013,3500.352,97.96203348265135,2.722442543608341
3666.3452041584696,3721.1042,54.75904388840536,1.4935594124169254
3565.584662558013,3593.3357,27.75103080136205,0.7783023943527111
2734.8505238652733,2827.0432,92.19268902535168,3.371032099226106
3735.3784078850354,3519.6057,215.77269499441036,5.776461483498816
3667.862334036391,3557.3345,110.52786138014108,3.0134135721093958
3941.223255142377,3806.8628,134.36046217362718,3.4091055866555675
3810.011006900124,3410.4766,399.5344444001239,10.486438062161675
3838.5075916784863,3926.73,88.22238879026372,2.298351291046586
4033.8928607374014,3889.9502,143.9426654249014,3.568331395856371
3385.76550844904,3430.1907,44.425165379084774,1.3121158351995605
3699.09354085143,3814.7517,115.65816813294487,3.1266624338005666
3276.29966368564,3107.1028,169.1968804825151,5.16426755335862
2950.389165849636,3655.3306,704.9414005566141,23.893166661409197
4127.372949329908,4059.5654,67.8075196424079,1.642873577814592
3257.6752516463107,3250.316,7.359333677560699,0.2259075294212202
3443.797228585736,3172.9314,270.86583210136087,7.86532464376822
3885.600905158603,4010.0977,124.49675109139707,3.204053996541761
3313.1205627111285,3278.2517,34.868853726753514,1.0524474756276394
3266.3467193982387,3223.9492,42.39750064823875,1.2980098039331742
3268.9256200043487,3309.7036,40.77799327690127,1.2474432892372456
2783.1598385750685,3089.919,306.75910673743147,11.021972309520212
4200.149165427029,4002.3914,197.7578080051544,4.708352018375241
3145.679379659467,3354.6567,208.97735862178297,6.643313999928551
3953.0943458101465,3855.2117,97.88267588827148,2.476102701470218
4167.278336268244,3684.5408,482.73756478386895,11.584001015304286
3359.69541552628,3518.901,159.20546337996984,4.738687401370612
3974.842354870155,3740.5688,234.27350721390485,5.893906884806701
3138.994998359189,2886.8496,252.14538898418914,8.032678902514665
3764.482362771268,3958.875,194.39263722873193,5.163861017152635
4611.810263453092,4108.511,503.2990329843424,10.913264081412951
3633.789941889359,3381.1301,252.65981493623394,6.9530660543593665
3215.038684225544,3105.0374,110.00133070991888,3.421462119558185
3794.827043986459,3934.0613,139.2342353104159,3.669053521979505
3560.703144482441,3563.7034,3.0002246581839245,0.08425933127373965
4346.795784449188,4394.8833,48.08751633206157,1.1062750291627759
3389.205535839543,3776.529,387.3235168948322,11.42815072143118
4006.9696845832536,3861.2056,145.76411817700364,3.637764436747015
3863.45058658092,3826.3555,37.09511783092012,0.9601550996863812
3240.288891212779,3495.7307,255.44182167784584,7.883303935354936
3047.9450538208102,3271.6826,223.73756336668976,7.340603567843824
3626.235194252008,3550.7917,75.44344620513311,2.0804896032314586
3491.8130710086552,3587.3625,95.54947781946976,2.7363858223908033
3520.077698808863,3419.9758,100.1018687307378,2.8437403175677245
3303.764023049886,3422.404,118.64002968448904,3.5910564088946613
3707.333176383646,3969.301,261.9678490069791,7.066207339436328
3678.9579502744136,3445.1245,233.83343855566363,6.3559693183832655
3625.012940746048,3979.0815,354.0686022227019,9.767374848317992
3734.5837206951583,3610.8657,123.71799803890826,3.312765418895986
3253.737493302712,2947.2734,306.4640558027122,9.418831618516197
4603.336645608006,4381.497,221.8395752955057,4.819103888636094
2662.964510628153,3148.9124,485.9478428874718,18.24837848750917
4418.249455293127,4547.535,129.28570095687337,2.9261747727255925
3542.4669830948146,3462.6846,79.78241278231462,2.252170963428828
3368.5711425329896,3542.081,173.5099121545104,5.150846006002414
3013.8704567292525,3044.3608,30.49038311449749,1.0116686683204896
3373.8771106300205,3659.4119,285.5347546043545,8.463104767649204
3139.919291556206,3167.764,27.84462445941881,0.8867942731616667
4109.367794232521,4050.1987,59.16906376377119,1.4398580688449134
4377.241516228271,4087.9978,289.2437134938964,6.607899345319387
3383.85317115902,3302.7693,81.0838840496449,2.3961998333950305
3858.89769423812,3770.5664,88.33128798812004,2.289029017794671
2796.146528078569,2774.0967,22.04984839106919,0.7885798605204429
3898.162307173304,3510.1091,388.0531763139288,9.954772165331411
3615.3028037463896,3378.6643,236.6384971057646,6.545468248483802
4402.555889449557,4101.0537,301.50217851205707,6.8483441456038685
3720.1996797695497,3888.9253,168.72561319920032,4.535391315598741
3311.494925374819,3528.917,217.4220668126809,6.56567718545036
3600.5603009591478,3092.0999,508.46044744352275,14.121703427882453
4427.200770250352,4485.541,58.340245374647566,1.3177682332971878
3020.992482211279,3183.3867,162.3942365387211,5.375526006600759
3712.500895433976,3654.451,58.049967699600984,1.5636351164520106
3694.965605624825,3675.2788,19.686797031075002,0.5328005489714411
4195.349616421086,3726.8923,468.45728243671056,11.166108316768508
3314.6701445160443,3518.3843,203.71413282770573,6.145834244313588
3253.8143070373408,3338.931,85.11660116578423,2.6159022345465224
2811.486804773909,2781.4958,29.99095516453417,1.0667293587723579
4362.737339809427,4426.066,63.328578159323115,1.451578979588293
4553.256897629094,4512.5786,40.678284347844055,0.8933887382683253
3931.679800682732,4048.9563,117.2764981453929,2.9828598484807425
3579.7645782814293,3352.0037,227.7609161720543,6.362455161266431
3679.577956625328,3684.0845,4.50651603092183,0.12247372073766079
3250.446752520364,3363.3127,112.86599162026096,3.4723224286860193
4152.432336687779,4315.0728,162.64041721847116,3.9167505700575145
3585.317002805659,3276.1199,309.19712975878383,8.623983026237966
3736.674208507759,3681.8413,54.832899914008976,1.4674252250614723
3927.7330944873793,3828.4417,99.29144409675428,2.5279580284136673
4105.104068024164,3733.8743,371.229800446039,9.04312763560989
3857.9399089782646,3854.6763,3.2636394470146115,0.0845953935005419
3476.322261361076,3493.1829,16.860599967048984,0.4850125707404236
3152.588557261693,3195.6099,43.02130601955696,1.364634338992997
3945.440142517856,3638.8538,306.5863827522312,7.7706509711886635
2947.7631770677017,3133.0974,185.3342350416733,6.287283743941575
3391.45676029011,3394.4185,2.9616967411398036,0.08732815867852774
2784.936059048442,3073.9634,289.0273198578079,10.378238987525009
4022.1583844606257,4232.9263,210.7678850706243,5.240168708544987
3856.157830828412,4257.4834,401.325567609088,10.407394749267093
3917.192732770912,3621.0576,296.1351155834118,7.5598811645383135
3253.863260393218,3266.8,12.936788434907157,0.39758242432547064
3791.078386673384,4225.2314,434.1530586391159,11.451967339036713
4289.61854872636,4064.9436,224.67494521073513,5.237643922381953
3494.6072888594967,3629.0354,134.42811153112825,3.8467301307266584
4172.980319142967,4046.8494,126.13095390859235,3.022562875026851
4229.670759001589,4086.9368,142.73399142346443,3.374588698652201
4186.08731935785,3798.4111,387.67618654535,9.26106306365391
3369.933550238617,3502.5735,132.63993608950796,3.9359807578436086
2493.8504995224266,2806.4448,312.5943246963234,12.5346056131346
3367.9475306949903,3579.783,211.8354282893847,6.289748470210626
3253.899618839208,3926.941,673.041299129542,20.68414450257817
3954.6427647804794,3879.4688,75.17401478047941,1.9009053219666048
3665.458027534798,3942.851,277.393046683952,7.567759461442054
3368.5448689854006,3605.4243,236.87944742084937,7.032100109510996
3876.9704654190714,3805.2861,71.68433260657139,1.848978042158566
3615.8738254199634,3810.8013,194.9274441112866,5.390880697797769
2457.735346715928,2776.49,318.7546435184472,12.96944538574396
3723.553786897743,3351.2283,372.32551541336807,9.999197989928026
4062.714961460185,4168.2036,105.4886518210651,2.596506346661133
2468.0821352921275,2599.1038,131.02162447349747,5.308641175265809
3817.6385058528535,3857.5688,39.93034180339646,1.0459434999458153
3521.682445240735,3507.058,14.624339771984978,0.4152657145946982
4260.91404874163,3758.6074,502.3066268666298,11.78870592367324
2896.444289773809,3058.9573,162.51298561681597,5.610775466684603
4146.49850351112,3788.351,358.14742929237036,8.63734616060039
3238.281688434321,3108.1572,130.12446187182104,4.018318182033602
3370.1389577751856,3469.3848,99.24580784981435,2.944858033845939
2872.0721567092496,3346.3003,474.2281362595004,16.511706892589338
3606.000700243287,3592.0674,13.933317430787156,0.3863925325873373
3273.8967474825367,3155.253,118.64381779503674,3.6239327915966784
2823.098593688821,2921.2947,98.19608404555402,3.478308701831254
3985.523736737317,3851.8003,133.723443768567,3.3552288883878907
3574.946337216883,3665.3162,90.36982489249203,2.5278652144145326
3857.529568154676,3888.7373,31.20773653282413,0.8090083557740028
2789.3344920319123,2806.0093,16.674785311837695,0.5978051524287006
3278.835590669094,3290.7803,11.944682768405983,0.36429648386147034
4057.4170765378217,4095.8132,38.396155884053314,0.9463201627971805
4419.002228416377,4006.2651,412.73709169762697,9.340051675998772
4490.185622000833,4654.8623,164.67668268666694,3.6674805130502994
3370.672646921327,3359.067,11.605752390077214,0.34431561904053676
3405.106454661653,3495.553,90.44652385397194,2.6562025316462274
3324.5138188300944,3091.0857,233.42812547071935,7.021421422542421
4404.5644137307545,4516.404,111.8393948629955,2.5391703777642176
3376.761440597033,3551.704,174.94266096546698,5.180782357386076
3455.849619661479,3645.965,190.1154682291458,5.501265655412654
4273.62078716304,4062.359,211.2619004442904,4.943393692741103
4295.704135055142,4070.581,225.1230803676417,5.240656090127863
3845.5657707517394,3783.3398,62.225927001739365,1.6181215121845467
2753.7023141138566,3006.6658,252.96345737051843,9.186303692813008
4029.550884908806,3825.5454,204.00547475255598,5.062734795497511
3210.758432677002,3320.4097,109.65123529174798,3.4151194364480784
3382.5621811089845,3328.1755,54.38664399960953,1.607853487612124
3907.4641462980217,4146.8325,239.36837323322834,6.125926285465954
3794.847444109206,3578.1768,216.6706862967062,5.709602019260275
3859.2923751145095,3927.5332,68.24082801049053,1.7682212534743693
2830.3202387350343,2640.0325,190.2877680319093,6.723188614054336
3093.928538794504,3243.0444,149.11589479924578,4.819629572224904
3781.320822858125,3691.7014,89.61940684250021,2.370055624498983
4074.096547194868,4133.1646,59.06800358638202,1.4498429995983289
3036.9375394495,3043.8687,6.931112894249964,0.2282270479460158
3230.167633717949,3113.8003,116.36734074919877,3.6025170809868787
3409.0477413173894,3296.8403,112.20740928613941,3.2914590173142626
4188.083974993814,4035.6123,152.47167030631408,3.6406068077118556
3194.3506476468174,3150.2837,44.06695624056738,1.3795278321442321
3588.13482492891,3973.4255,385.2907121804651,10.737910668897419
3921.794623738563,3731.5881,190.20648897293813,4.8499859687098645
3437.157484466149,3345.219,91.93849032552407,2.6748407875120606
3722.798087676269,3791.8674,69.069343964356,1.8553072806446063
3162.5810887037137,3264.8054,102.2243312181613,3.232307041336962
4756.967861742187,4287.265,469.70272502343687,9.873994079317018
3325.2132522860807,3460.8943,135.68103482329434,4.080370927489049
3620.439722547581,3456.8086,163.6311287975809,4.519647925043736
3441.485649133284,3457.8213,16.335639929216086,0.4746682565225897
3273.476584423944,3546.4443,272.96775151355587,8.338772081413616
4222.231543391411,4120.965,101.26669964141092,2.3984165387592826
3345.0627023161283,3194.2068,150.85591520675325,4.509808294544085
2944.0806728303346,2718.8772,225.2034755647096,7.649364966219046
3910.5286502251847,3959.7336,49.20499235294028,1.2582695782092492
3878.025885718714,3898.5164,20.490471703160893,0.528373773331928
3833.82836421932,4080.1455,246.31714359317994,6.424834921981108
2660.7470060506453,3011.5159,350.76886308997973,13.18309716377834
3151.9709852952788,3344.9011,192.93013775159625,6.120936349086425
4304.338805494575,3882.902,421.43670588520035,9.790974291968556
3523.114133818555,3404.9111,118.20300100605482,3.355071579186666
3243.496933948738,3247.8137,4.316786754387067,0.13309051441376488
3657.041081563742,3720.0173,62.976252420633045,1.7220548256380142
4058.773941708964,4158.433,99.65916375978622,2.4554006995970887
3369.913654533509,3362.2642,7.649494377259089,0.22699377970614487
3012.29657043338,3207.7625,195.4658807384949,6.488932154192678
2964.1450520461995,3080.155,116.00997725067555,3.913775311724097
3109.6025178995924,3097.653,11.949441727717385,0.3842755355044135
3637.716851616296,3594.3025,43.414361381921026,1.193450814145453
3557.6214007661324,3572.5823,14.96087462449259,0.420530262755637
4016.101907827235,4018.977,2.875142954014791,0.07159038839157052
3060.772762782478,3601.7559,540.9830965925221,17.67472264424906
3327.945878002876,3502.5876,174.64176848149918,5.247734635224986
3378.527561407151,3342.951,35.5766336727761,1.0530218571891268
4105.911139278911,3886.8223,219.08887365391092,5.335938022574639
3554.473731437813,3775.0981,220.62441309343694,6.206950163736127
2911.2409760025944,3125.1707,213.92967829428062,7.348401594292824
3721.781374390905,3934.6829,212.90148693721994,5.720418947823412
3932.1997623216103,3715.649,216.55083654036025,5.507116871715247
3630.728219779201,3759.5762,128.84795209579897,3.5488184269445187
3752.288183395861,3775.2688,22.98061543226413,0.6124427098631435
3563.747240852203,3745.0242,181.27692906967195,5.086694336558026
3581.0212861217824,3346.4976,234.5237275280324,6.549073819720847
3992.243157897939,3961.7847,30.458489929189,0.7629417529073179
5094.4308915274505,4372.429,722.0016923087005,14.17237190339478
4097.812371706388,3993.7644,104.04796740951315,2.539110090250083
3841.250202682399,3746.976,94.27412846364905,2.454256387616097
3505.80963246973,3550.1416,44.33196909277012,1.2645287035034953
3395.8934682420954,3674.2761,278.3826548047796,8.197626262666185
3995.199543926892,3874.678,120.52156541126715,3.0166594706007146
3592.941615569844,3779.8552,186.9136090395309,5.202244540505461
3636.812359776204,3627.7751,9.037213291829175,0.24849270178968738
3069.234882616928,3291.2373,222.0024220705718,7.233151927469475
3739.269230757873,3569.6091,169.66009989849817,4.5372528541923565
3700.8195440151394,3544.851,155.9684697963894,4.214430558999214
3382.9255630563403,3473.0703,90.14474944365975,2.6646979888678812
3447.8122580933023,3510.7454,62.93310323482274,1.8253053972731623
3620.708941968603,3496.861,123.84785798422809,3.4205416665414483
3926.897240796063,3674.4775,252.41970173356322,6.4279680942807795
3401.353183660005,3404.6064,3.2532616524949844,0.09564609956189062
3344.970222318444,3022.483,322.48731216219403,9.640962123085021
3902.357647009982,3722.5154,179.84226615060697,4.608554172076042
2784.0899151053327,2854.9182,70.8282977852923,2.5440377266914744
3773.210162169637,3675.625,97.58516216963699,2.5862636316426237
3903.236553106858,3618.3816,284.8549613099831,7.297916932122578
3758.221688151109,3844.1218,85.90013802076601,2.2856591534126705
3681.213584547161,3969.2952,288.0815814684638,7.825723089737585
3120.1970087716845,3377.8027,257.6057256033155,8.256072449243392
3951.236657607936,3913.0703,38.166345107936195,0.9659341723925481
2989.5760562931323,3319.429,329.8528987849927,11.033433924206214
3390.2894852115787,3179.1882,211.10125278970372,6.226643881312379
3746.70967343183,3627.4011,119.3085503849552,3.1843553620121714
3970.027451396472,3776.2153,193.81211936522186,4.8818836075566105
3671.5107521059695,3629.4868,42.02393569971946,1.1445951962857426
3687.285355383194,3788.233,100.9475547730558,2.73772016656316
3159.1450371974543,3032.8625,126.28248836932926,3.9973627953896402
3467.089422151659,2956.8188,510.27057449540916,14.717548709163022
2913.2261984453357,3187.0688,273.84264921091426,9.399978942831572
3702.433175643253,3790.7236,88.29045716924702,2.384660383611316
3805.147800221753,3911.2637,106.11587165324681,2.7887450691682116
3675.7420813396457,3790.2693,114.52720576972933,3.115757396340203
4026.8585841342906,4036.255,9.396298678209405,0.23334066697128517
3579.72159563534,3619.8203,40.09871686466022,1.1201630013225476
3237.424052848225,3079.8508,157.57322277010007,4.867240750604484
3961.8432469206286,3896.3599,65.48338363937864,1.6528514521687874
3882.061888368005,3744.3884,137.67346063362993,3.5464004591515415
3550.701504289625,3526.3513,24.350185930250063,0.6857852145789346
3204.642970055418,3290.7246,86.08163931958188,2.6861538125756725
4003.3791718776006,3729.682,273.6972871119756,6.8366566183540005
3818.814690084852,4144.581,325.7663646026481,8.530562256620254
2662.782665388041,3185.8782,523.0955084400839,19.644694072839567
4196.822048694795,4562.421,365.59884974270517,8.711325986680944
4044.4143332681065,3901.49,142.92434303373147,3.533869956351402
3896.3841669846806,3231.2715,665.1126826096806,17.06999756967998
4203.088965220626,4165.4834,37.60556678312605,0.8947126052839113
3719.7250988556634,3250.7283,468.9968273712884,12.608373331555352
2329.581208583475,2625.7917,296.2105394634,12.715184101416826
4069.437363273031,4122.4307,52.993300789468776,1.3022267222426662
3640.069214883623,3746.42,106.35070699137714,2.9216671638145564
3561.5765845143405,3484.691,76.88566654559054,2.1587537069927905
3201.0444137129907,3057.7693,143.27512660361572,4.475886869605363
4234.592628417711,3913.882,320.71054833958624,7.573586799999278
4259.000145160872,4048.0115,210.9886705514973,4.953948423580712
4037.715851370316,3764.8086,272.90725762031616,6.758951537605033
4164.382453842213,3764.7686,399.6138991547132,9.595994210042226
4233.473677364127,3949.6606,283.81303283287707,6.704022617416783
3458.0027255793275,3383.415,74.58768651682749,2.1569585808909864
3309.571608015823,3571.6343,262.06266932792687,7.918326006097221
4472.8049008713415,4363.3184,109.48654149634149,2.4478273459907127
3437.640902401883,3436.2095,1.4314297456330678,0.04163988579007559
2862.4719163425125,3181.4187,318.9467848293625,11.14235507459206
4219.629944379249,4226.9355,7.305602495751373,0.1731337248064321
4387.4106796795,4347.187,40.22366796075039,0.9167974210175539
3145.565301627122,3414.7559,269.19055774787785,8.557779983414502
3471.0973742027927,3652.8594,181.7620007972073,5.2364420009667
3481.0981653650147,3281.5845,199.51369270876467,5.73134347930244
4226.419581682881,4055.721,170.69863441725556,4.038847329712744
4117.599295081603,4091.9177,25.681570472227577,0.6237025177001498
2734.7456371297903,2901.4175,166.67184333895966,6.094601306828942
3164.376084348102,3478.1082,313.7320699487732,9.914500096893686
2926.7320388014946,2945.4685,18.736467057880418,0.6401838914352083
3445.2267084050004,3434.3066,10.920067780000409,0.31696224092770825
3053.9664120724274,3546.9033,492.9369082400726,16.14087523331878
4823.607753456473,4325.544,498.0638081439729,10.325545392596926
4086.410133966169,4145.6855,59.275412908831186,1.4505497726754102
4049.245778192073,3671.659,377.586842645198,9.324868465104254
3103.098851483757,2987.181,115.91794328063179,3.735554322583222
4840.396461776914,4758.6904,81.7060320894143,1.6880028884952107
3509.7940617105096,3376.9553,132.8387394448846,3.7848015327755493
3540.7148076898525,3526.3484,14.366419017977478,0.40574911559598
3266.18145781438,3394.138,127.95648163874512,3.917617048881581
3814.674241905998,3864.6514,49.97712528150214,1.3101282602975588
3282.872346100805,3445.3088,162.43649178982014,4.947999028434726
3836.701642989343,3984.7415,148.03981208878213,3.858517702550303
3510.9106516807933,3454.2742,56.63648175891831,1.6131564536341725
2766.55113528648,2962.333,195.78187252601992,7.076748737042464
4179.821207778414,4270.883,91.06160472158626,2.1786004758319732
3901.953717772631,3833.1646,68.78916699138108,1.7629416432609124
3262.696222330549,3369.4587,106.76251790382594,3.272217535090206
3892.1272929667407,4045.7969,153.6695820332593,3.948215730532441
3382.174759715097,3258.3486,123.82612690259703,3.6611392284480218
3720.772002909998,3768.3042,47.53219630875219,1.2774820997249359
4006.316223744648,3937.917,68.39923155714814,1.7072848905875015
4159.50676487565,3875.9053,283.60149143815033,6.818151946114906
3289.156560914721,3256.7131,32.44342614909601,0.9863752469135562
3740.873429324936,3757.6497,16.77622887818916,0.4484575379289573
4009.765260318812,3403.4824,606.2828384438121,15.120157891626985
3879.547930638304,4218.29,338.742108424196,8.731484040937278
3413.08396366175,3530.6309,117.5468957132498,3.4440083210592576
3259.317570668746,2875.9663,383.35126207499616,11.761703294114424
3149.503934228507,3565.0405,415.5365931152428,13.19371563881
3873.551795689557,3528.5054,345.0464245958069,8.907752956337657
3503.787238802646,3862.3909,358.6036303379792,10.234743319075656
3141.6934997900184,3319.5356,177.84214474123155,5.660709574410044
3150.9490667964133,3107.3315,43.61752382766326,1.3842662290955223
3791.862390251975,4167.425,375.56241443552517,9.9044315374158
4265.28942532132,3759.209,506.08044094631987,11.865090278327244
2573.4303161271864,3157.1873,583.7569397321886,22.684000265089658
3152.318478019801,3452.3982,300.0797153395738,9.519333704127368
2863.090673417515,2954.7297,91.63906291060994,3.2007041817235007
3771.393092020888,3560.5796,210.81350217713816,5.589804537298297
4137.987001107556,4080.3074,57.67962806068135,1.39390549185493
3386.04413935964,3441.708,55.66386845285979,1.6439203436782956
2951.6327016311748,3305.2214,353.58873391570023,11.979428664016861
3317.0813675653867,3690.5562,373.4747847783633,11.259138483313112
3000.054258635625,2935.7036,64.35064535437505,2.14498271720061
3522.11191661405,3299.8862,222.2256861453002,6.309444202980773
4229.292765704481,4215.6294,13.663371173231099,0.3230651536830926
3837.878609347423,3988.8838,151.0051797150768,3.9346002071898014
3692.886718513104,3639.8613,53.025390388103915,1.4358791490212282
3597.814940905723,3699.8933,102.07836964115222,2.8372323567997295
4403.591306718317,4343.4424,60.148923905817355,1.3659061369762324
3509.495568101017,3310.1821,199.31343919476694,5.679261743664636
3050.562253410178,3160.6057,110.04345948044693,3.607317285770221
3285.120445686902,3259.0354,26.085045296276803,0.7940361922048966
3133.633357538394,3357.7512,224.1178631647308,7.152012938130873
3167.3932762758463,3319.5813,152.18802255227865,4.804835057654037
3727.480450516457,4079.6357,352.15529167104296,9.447542283481338
3018.714652721192,3101.9817,83.26703673193288,2.758360637262372
3244.389386485433,3550.7383,306.3488947645669,9.442420692185383
2574.4704352767794,2829.1008,254.63039480134557,9.890593083232298
3763.1725073345497,3873.3882,110.21567625920034,2.92879680759748
3057.502212986057,3130.5266,73.0243983420678,2.3883678000922774
4288.876549850266,3980.6074,308.2691279752662,7.187642833553428
3995.535944923141,4129.762,134.22626210810904,3.3594056957155227
2628.843728460386,3329.2358,700.392111383364,26.642592094797397
3630.8004429360726,3502.4026,128.3978550454476,3.536351200332502
2751.1670470107106,2877.604,126.43695689553942,4.595757172684949
3277.8678743632317,3438.7117,160.84379555864325,4.906963969372598
3551.316566376967,3438.4822,112.83438864259188,3.177255154071068
3594.3372513833074,3587.3035,7.033784586432375,0.19569072389424144
3428.3454564217627,3356.4893,71.85619860926272,2.0959439333823893
3747.647298714993,3953.3508,205.7035313631318,5.488871149471941
3576.4494185273006,3851.7085,275.2590775664494,7.696434238395988
3683.10971707972,3709.6052,26.495507529654788,0.7193787197483397
3523.611002022043,3578.3906,54.77962297795693,1.5546444527083538
4018.459267209144,4362.7427,344.28340857210605,8.567547551905733
4358.720657410736,4099.697,259.02388006698584,5.9426584180518915
3911.906833458571,3663.6619,248.24496822419587,6.345881402413643
3951.417831804377,3818.59,132.82774391375187,3.361521093634822
3325.054427614154,3474.6025,149.54811144834594,4.49761393998149
3127.29198270866,3330.9907,203.69873994759018,6.513582392494078
3931.0374128763633,3945.0715,14.034120326761695,0.35700805799487023
3823.928517458912,3595.7395,228.1890155057872,5.967397519695897
4034.680473273131,4087.7925,53.112007195618844,1.316386949287505
3843.7403107881614,3580.5042,263.2361603975364,6.848437696446763
3325.545118210091,3270.3806,55.164502975716005,1.658810841977306
3280.455967487228,3222.7893,57.66666084660301,1.7578855323205165
3624.267173965256,3457.1133,167.153892715256,4.612074239890418
3686.0349326857913,3744.516,58.48118059545868,1.586560671926323
3668.474087439514,3699.3318,30.857699669861177,0.8411589923863667
3548.576167735367,3630.9465,82.37036546775789,2.32122297998538
4085.586143773162,4169.2134,83.6272351330881,2.046884637606878
4219.080518408758,3932.7603,286.3202645025076,6.786319039260583
3436.2658668926874,3494.049,57.78320537293757,1.6815696925450416
3485.503575286868,3441.2007,44.302891693118,1.2710614330519436
4868.537273215914,4445.894,422.64323024716396,8.681113166624414
3006.854103969724,3295.9312,289.07704837402616,9.613936638707527
3076.65329537497,3534.5488,457.8955327500298,14.882909733065109
4200.397097898617,3704.6487,495.7484162579922,11.802417835828097
3045.6032614636038,3295.5938,249.99048853639624,8.208242081283434
3702.215615976697,3884.3496,182.13399339830312,4.919594434541155
3136.7648251233068,3455.9775,319.21271393919324,10.17649494735854
3236.267814364069,3339.586,103.31812313593082,3.1925084406598456
4093.889814541926,4050.6194,43.27042977630117,1.0569514993442193
3614.6732705097215,3469.9795,144.69377832222153,4.002955938029154
4046.089090203452,3919.573,126.51609215657709,3.1268736139029354
3155.180149340612,3305.565,150.38479206563807,4.766282270667378
3046.528132076388,3278.9004,232.37225854861208,7.627445028391605
3648.579372909466,3589.8264,58.7529568938412,1.6102968001759588
4811.773509978679,4439.893,371.8804435724287,7.728552534761274
3195.162057576531,3523.588,328.42583304846903,10.278847430279443
5137.550137717798,4468.4653,669.084805686548,13.023421431440644
3841.030726291471,3812.8306,28.200159885221183,0.7341820957638768
3976.8376286566,3983.4055,6.567888921525082,0.1651535600598246
3274.260357008432,3397.4456,123.18519963219296,3.7622298229436657
3874.3844689316993,3481.841,392.5434044785743,10.131761770839741
4535.881959561551,4487.4585,48.42346346780141,1.0675644538263542
3071.289902805697,3060.5286,10.761338352571784,0.3503849748192459
3652.88498119164,3688.1448,35.25979419898522,0.9652588127065203
3005.949080174948,2738.3242,267.624861424948,8.90317348321057
3339.0873787334785,3236.2368,102.85056232722854,3.0801997869920954
3883.1346193139593,4040.4917,157.35707990479068,4.052321006903213
3680.145869146289,3658.7349,21.411005865038987,0.5817977500442356
3714.4111000029534,3473.283,241.1281410185784,6.491692344403846
2723.8499810119515,3202.161,478.3109076599235,17.560104667813743
3411.0601270685383,3843.175,432.11492175958665,12.668053498398626
2960.17788433936,3023.5068,63.328951598140065,2.1393630407543416
2703.2629493295035,3006.645,303.3820702017465,11.222810207086775
3319.5866991764474,3090.1477,229.43899409832238,6.9116734970423765
3383.653029377987,3465.2366,81.58354288763803,2.4111084138740857
3393.3617203752037,3174.1646,219.19716959395373,6.459587502204661
3911.537816282285,4147.403,235.8650157489651,6.029981731664368
3489.5763390143143,3481.0881,8.488204248689271,0.24324454959729863
3777.3828346209175,3736.1545,41.22829360529249,1.0914512881093767
3601.904649340226,3407.722,194.18272551210111,5.391112325743277
3303.7665402099724,3107.6436,196.1229855224724,5.936345172561972
3251.762939898073,3464.025,212.261962445677,6.527596456718656
3252.146285030377,3289.0752,36.92891028212307,1.1355242675308541
4422.886582622354,4093.1528,329.73375059110367,7.455170835414068
2887.938854723646,2779.4841,108.45472386427082,3.755436985339121
3709.047466342779,3970.7407,261.693256313471,7.055538077853386
4138.794989563214,4151.066,12.270928405536324,0.29648553350624723
3076.827026199581,3333.4102,256.5831300504192,8.339212047527553
4106.658461728706,3942.4473,164.21119610370624,3.9986572449119913
3438.939919843472,3234.5403,204.39963664034713,5.943681524091605
4011.828647148232,4440.7075,428.878872383018,10.690358689369305
3943.096264466248,3811.8167,131.27961407562316,3.3293535148676785
3430.689308010691,3469.7134,39.02407089555891,1.1374994175204773
3893.738877659757,3771.6,122.13878000350678,3.136799457823826
3938.150969889516,4251.406,313.2547918292339,7.954362192417987
3469.915932014038,3524.5696,54.653648064087065,1.575071244805765
3616.914014350628,3411.7769,205.1371588818779,5.6716072891964435
2948.194031498468,2827.4006,120.79339673284312,4.097199690464331
3080.0788456322443,3125.9827,45.90382038338066,1.4903456269788455
4970.116330106333,4413.6704,556.4459199500834,11.195832913998986
4276.029053644455,4478.955,202.92602448054458,4.745665240688459
3543.5243280223544,3603.4326,59.90828916514556,1.6906413959511448
2836.657838932512,3066.3987,229.74084270811318,8.098997332528798
4008.490449027431,3884.3691,124.12130840243117,3.0964601258447897
3852.884364223743,4113.9336,261.049229526257,6.775423419146703
3906.299757006812,3812.7617,93.53803825681189,2.394543278175996
4453.5180068948575,4290.7046,162.81341705110754,3.6558383012944526
3470.7334814938827,3721.3757,250.64225092799234,7.221593137716533
4444.518829102422,4134.303,310.2156064461724,6.97973432837995
3900.804090624657,4128.2773,227.47325312534304,5.831445205670827
3140.8189356206244,2836.3333,304.4856836674994,9.694467904987118
3698.3112464398337,3827.852,129.54080434141633,3.5027015226508675
3600.1503030148165,3195.4565,404.6937600460665,11.241024012446653
4243.536651712878,4545.0703,301.53366078712224,7.1057159519385795
3552.609588161681,3364.9307,187.67892409918113,5.282846860645239
3302.4454369464165,3358.1572,55.71178961608348,1.6869859223956476
2848.14290321564,3393.7458,545.6029463937348,19.156445618572455
3862.938698502966,3776.2659,86.67282936234096,2.2437019100492055
3500.2123029350782,3637.428,137.21567558054676,3.920210081699488
3770.8404519905584,3699.6038,71.23669222493345,1.8891462826895498
3912.161225808235,3521.9617,390.19955588636003,9.974015214716681
3886.011982250525,3732.9998,153.01222639114985,3.9375129847781665
3611.92311774575,3605.4116,6.511496652000005,0.1802778309429775
3184.123196225113,3197.1387,13.015475649886866,0.4087616856444863
3627.548049639121,3712.44,84.89189176712898,2.340200339333183
4110.146429305122,3914.1653,195.98114610199718,4.768227835014884
4639.253882903975,4308.0093,331.24460556022495,7.140040487563917
3854.342158069932,3670.3984,183.94372056993188,4.772376530838196
3814.9750530692336,3760.5667,54.40840267860858,1.426179776322149
4463.075506868854,4412.2188,50.85675686885406,1.1395002569547266
3643.59420705262,3916.9578,273.3635566192552,7.502579625637969
3380.319865678288,3500.1294,119.8095288529621,3.5443252003881405
3452.597888893155,3317.054,135.54393381502996,3.9258534638820355
3595.86929950833,3696.2048,100.33553447604481,2.7902998167859963
3605.8490672111016,3699.4556,93.60649919514844,2.59596276633806
4230.293440010018,4087.0693,143.22410407251755,3.3856777574318437
3508.9527666849453,3633.365,124.41222354942965,3.5455656380056406
3603.503663820959,3631.395,27.89135571029101,0.7740065867094619
4289.025685877231,4324.769,35.7433570915191,0.8333677555071238
4025.075167325896,3941.806,83.26925912277102,2.068762834511036
4317.300986766699,4027.7188,289.58223676669877,6.7074831626129425
3583.4871545096184,3699.0408,115.55361697475655,3.22461367914599
4285.828261459042,3694.5361,591.2921286465416,13.79644942761299
3053.041817633168,3551.347,498.3051061949568,16.32159452638161
4093.9547242084022,3608.296,485.65882577090224,11.862828450424745
4098.647191613932,3939.8945,158.75266036393168,3.873294112475667
3194.062943939933,3500.6565,306.5935502006919,9.598857492222846
4277.590197905462,3968.0615,309.52867446796245,7.236052547051475
3693.470368152372,3528.0774,165.39297557424698,4.477983010243655
3464.8845732046075,3393.9585,70.92607711085748,2.0469968223287527
3484.1168426572067,3591.1912,107.07431945216831,3.0732126472115295
3292.3798030902926,3498.9348,206.55501136283237,6.273729755265651
3343.0161997725663,3209.6025,133.41366071006632,3.990817056738845
4279.86420775341,3957.869,321.9953112690346,7.523493635281869
3786.570420904249,3625.0881,161.4822861386242,4.26460538663537
3368.566281091139,3495.4128,126.84656070573601,3.7655949184603292
4227.006844947309,3770.2744,456.7324308848092,10.805102703601193
3953.0657853560456,3951.3083,1.7574357466705806,0.044457538581344186
4066.8404865331663,3835.0154,231.8251056737913,5.70037370389744
2875.048006558937,2919.7751,44.72713992543822,1.555700629116481
4339.853362331476,4351.4746,11.621247043523908,0.2677797168077745
2962.785583746592,3439.546,476.7603146909082,16.09162395369903
4489.4325714724455,4375.0903,114.34223944119549,2.5469196300612547
3098.7021164056546,3282.1912,183.48904570372042,5.921480633206489
4231.47624086911,4117.0244,114.45182680661037,2.7047729986332834
3729.772291366575,3859.1155,129.3431871490502,3.4678574734560894
3405.2927998582995,2979.4058,425.88703813954953,12.506620228289075
3916.657300476927,3826.9019,89.75544500817705,2.291633863326455
3800.477863356781,3795.9966,4.481281325531199,0.11791362788186582
4181.621882567557,3694.3433,487.2786208488069,11.65286184483072
3690.239206993736,3654.9578,35.281443321860934,0.9560746971360445
3635.2489767007455,3723.067,87.81791783050448,2.4157332384481043
3891.356156396906,4194.012,302.65605063434396,7.7776497054070735
3341.3814259905794,3413.793,72.41154275942063,2.1671139426398662
3799.798952161153,3964.0754,164.276487291972,4.323294188986999
3361.576328689708,3271.5908,89.98550837720813,2.6768842822106356
4167.583246947046,3767.6836,399.89965319704606,9.595480869878044
3322.4356844416966,3443.7117,121.2759854801784,3.6502131869125307
3759.6924718068376,3741.348,18.344571416212602,0.4879274449645757
3807.353007109829,3825.4924,18.139424530796077,0.47643138151158093
3422.6219116244083,3543.6614,121.03946532871669,3.536454462516727
3563.7412566693183,3539.354,24.387252763068318,0.684316032131376
3208.354636271603,3781.9966,573.6419457596471,17.87963024019909
3724.369166946891,3625.632,98.7370868687658,2.651109018543053
4483.863838681702,4093.364,390.49982500982696,8.709002749839021
3653.220400362751,3458.203,195.0175195033762,5.338235806523244
3515.4585548694768,3287.4956,227.96294940072676,6.484586458428342
3564.5828169322303,3479.608,84.97490677598034,2.3838668124734967
3817.0404574303298,4040.7668,223.72638827279525,5.8612527367187015
2903.994668655556,3074.3018,170.30708915694413,5.86457995240708
4729.65469653689,4339.73,389.9247160681398,8.244253356458502
4292.2947154958365,4033.9944,258.3003307302115,6.017767834014473
3297.800691414621,3245.1672,52.633455086495815,1.5960168612833368
2671.719538587964,2739.024,67.30438719328595,2.519141183092037
3103.4296645268373,2808.0837,295.3459242924623,9.516759076848357
4097.030083910279,3586.3792,510.65093351965425,12.463929311260507
3412.8225785048744,3502.793,89.9703902451256,2.6362457518826186
3025.688366373148,3334.613,308.9246707362272,10.210062416524774
2995.6228026490726,3311.495,315.8723145384274,10.54446221530618
3147.465877439849,3643.3152,495.849308107026,15.75392164411168
3488.715584261336,3399.4695,89.24610183946106,2.5581363594693
3268.5547353641973,3553.7527,285.1979501826777,8.725506325378994
3628.391744709008,3920.1555,291.763772869117,8.041132088192315
3472.9388377361006,3232.9326,240.0062205486006,6.9107528742156905
3500.465137207884,3473.1987,27.2664067391338,0.7789366747095392
4019.189309111276,3876.2722,142.9170923144011,3.5558686422263333
3309.68646421289,3309.5903,0.09613218163985948,0.0029045706497978396
4046.4856584080753,4541.2485,494.7628767481747,12.226977147938761
4134.164312902629,3733.4307,400.7336488401288,9.693220165184258
3593.138263665513,3424.8489,168.28938671238802,4.683632367119346
3435.172513600141,3554.0886,118.91610944673403,3.4617216158994926
3704.256076010706,3458.8855,245.37057796383078,6.624017695560679
4076.985931781639,3883.3987,193.587250141014,4.74829330736534
3868.931439524267,4071.179,202.2475155538582,5.227477372375641
3642.667237727329,3360.5417,282.12548968045394,7.7450250398516465
4166.0328019924455,3899.5818,266.45101488307046,6.39579733399213
3655.270921323936,3446.5198,208.7511459333109,5.710962345239827
3596.1224814362818,3731.162,135.03962793871824,3.75514539996379
4173.849305697832,4303.7773,129.92803805216772,3.1129067806736463
3685.699549537933,3353.5027,332.19686399105785,9.013129245239334
3514.3694719785294,3451.0308,63.33871025977942,1.8022780690762379
2953.05715658974,3223.6008,270.54367348838514,9.161477720966815
3336.303565575332,3474.6033,138.29970590904304,4.145297428448895
4327.341502277954,4007.8904,319.4511214185786,7.382156486850333
3001.2859279730674,3112.25,110.96407202693263,3.6972176157129
3983.2225331488544,3907.521,75.70153705510438,1.900509861678757
2843.5928355658834,2845.0374,1.4445179497415666,0.050799043086423565
3260.486922273372,3560.231,299.7440347578781,9.193229168018924
2852.0571109058883,3117.1343,265.0771664378617,9.294244684801079
3696.640599929194,3149.9348,546.7057854760692,14.789259888736298
3866.287908601988,4099.4585,233.17058749176203,6.030864565801936
2454.6938460068864,2869.518,414.82422039936364,16.899224360470406
3335.9293100414325,3426.8413,90.91199855231753,2.725237560600119
3287.356014389122,3335.162,47.80609498587819,1.4542414869769387
4324.699827603728,3980.522,344.1778549474784,7.958421825039909
3045.670104296696,2918.0815,127.58856132794608,4.189178635859143
3576.181577051773,3649.1707,72.98907724510218,2.0409779445616083
4153.580311575374,3715.293,438.28734282537425,10.552037277428738
3559.665975160714,3333.6199,226.04610211383897,6.350205431947398
3506.0265492683093,3933.8967,427.8701792473157,12.203848808178881
3931.821802806676,3403.433,528.3886973379258,13.438775301585206
2764.650123868021,2995.8018,231.15163394447882,8.360972404749525
3427.8902593472767,3425.9236,1.9666753629016966,0.05737276324814967
3312.9026478374094,3535.8545,222.9518443500906,6.7298036812409405
2682.801453869744,2937.7698,254.9683215208811,9.503808832111226
4629.930055773855,4508.9985,120.9315206176052,2.6119513504700773
3009.955336525244,2604.5476,405.4077291033691,13.468895175414142
3791.456509058802,3881.5042,90.04764133182289,2.375014486297681
4312.290538209204,4188.4077,123.88282336545399,2.8727847130842834
3188.241429096748,3071.6995,116.5419662061231,3.6553682899459807
3052.3314238230005,3345.8357,293.5042695363745,9.61574052036475
3000.435107814023,3179.7212,179.286083592227,5.97533614792444
3852.3262107921696,3478.371,373.9551170421696,9.707254697033346
3263.630827570135,3139.0452,124.5856615545099,3.8173944338939654
3311.4852946314795,3023.3784,288.1068766627295,8.700231196249103
3452.1418470187677,3343.854,108.28784311251775,3.136830637652794
3355.550459564666,3184.7363,170.8141314396662,5.0904950915810945
3552.012648047026,3545.3628,6.6498550782757775,0.18721372182984802
3734.4952005043097,3720.9106,13.58455597305965,0.3637588279997034
3170.0321783801032,3438.3,268.26787044802177,8.462622943629157
3319.2965214491305,3460.5652,141.26866409774448,4.2559820487526
3909.91004688452,3575.3582,334.55189258764494,8.55651123877444
3737.3195026933536,3515.2407,222.07878003710357,5.942194128092588
3664.9628081811024,3588.6575,76.30533747797745,2.0820221506107806
4597.486959296746,4373.1875,224.29945929674614,4.878740522432196
4215.285241487611,4116.863,98.42244851886062,2.3348941502266283
3888.2762748048895,4286.411,398.13485800761055,10.239366492227681
3338.941975767923,3681.004,342.06193048207706,10.244620390667505
3544.1977741382348,3316.762,227.43581124760976,6.417130920491884
3155.7920703754744,2868.9966,286.7954883442244,9.087908263553675
3205.2010550836494,3314.941,109.73986288510059,3.4238059016936337
3093.671284905432,3171.9102,78.238871344568,2.528997561127753
3095.785864490724,3074.9873,20.79855980322418,0.6718345749228902
3954.271921758697,4142.9297,188.65776574130314,4.770986150527452
3490.242410849921,3625.7468,135.50441532195418,3.8823783385566344
3755.8296324782655,3696.4907,59.33890982201547,1.5799148424861056
3690.8855863682807,3688.7805,2.1050687901556557,0.05703424668405881
3861.2580312343134,4072.4607,211.20266212506158,5.469788872347058
3113.1155786624263,3325.5693,212.4537572750737,6.824473807887213
4394.809989427234,4223.887,170.92278239598363,3.8891961838436533
3381.05191512822,3423.0645,42.01253799677988,1.2425877818911466
3438.920407981489,3346.3997,92.520749778364,2.6904010213097678
3214.739368231601,3311.8977,97.15833684652398,3.0222772585128697
3518.726349834304,3551.5532,32.826872821945926,0.9329191746749996
3178.9736459367173,3184.87,5.896471250782724,0.18548348956335148
2607.7403442880905,3003.7664,396.02601313378455,15.186558508450698
3172.262235156388,3266.3474,94.08517695298679,2.965870094543067
3660.350293043497,3686.3875,26.037158128377996,0.7113296827864171
3371.070916402708,3527.7485,156.677618753542,4.6477105536757355
2779.5039615355013,2784.4624,4.958440808248724,0.17839301101443644
3206.7421270692794,3320.3809,113.63873230572062,3.5437440181564543
4234.469847823315,4298.555,64.08532795793508,1.5134203397593555
3864.867697865581,4011.2148,146.3471458844192,3.7866016982998194
3414.805669705071,3503.1655,88.35985763867893,2.5875515676507113
3247.597545246392,3626.344,378.7464488942328,11.662357900492182
2501.837067019568,2561.3792,59.54208337105683,2.3799344951743464
3470.7042775834457,3451.276,19.428398677195673,0.559782600974668
4005.429753591417,3804.9565,200.473210622667,5.005036237195654
3617.038373426432,3667.931,50.89253477669308,1.4070222519780022
3140.10411164722,3288.2048,148.10072233715482,4.7164271333495655
3512.470659530652,3486.2114,26.25923374940203,0.7476000882214024
4479.2990480447215,4235.886,243.41281757597153,5.4341720649846925
4166.893982408232,3969.6187,197.27533006448175,4.734349635419993
3693.440056480968,3689.4482,3.9918142934679963,0.10807849139079606
3742.39749666825,3526.2927,216.10477205887491,5.774500764583848
2615.2476389686867,2787.3962,172.14860126568828,6.582497148666749
4334.7577930941125,4029.04,305.71775403161246,7.052706716824282
3704.2096563091072,3154.4517,549.7579961528572,14.841438448725356
4037.477348757221,4136.4927,99.01532702402892,2.452405759118547
2999.713848241905,3114.8398,115.125995508095,3.8378992574764728
3886.339207580905,3790.4895,95.84970562778017,2.4663237177241375
2661.2842786953806,3020.1082,358.82387560149436,13.483109582618418
3472.0715456376724,3405.87,66.20142845017244,1.9066838796380288
3183.1390903722363,2876.8503,306.2887485753613,9.622223216753746
3419.732863725766,3903.9895,484.25663822735896,14.160656914580342
3844.5047316810255,3610.629,233.87582543102553,6.083379830534436
2992.809336473461,3096.5022,103.69286079216408,3.4647332701236913
4523.259771114568,4340.986,182.27393127081814,4.029702924311692
3780.209723577323,3610.141,170.06861029607308,4.498919973549302
3195.033939649437,3111.872,83.16186933693689,2.6028477602357336
3212.4624921042628,3290.6655,78.20303523948724,2.434364149984575
3591.3337966469494,3539.0454,52.288386490699395,1.4559600820040308
3581.5777835216977,3351.2634,230.3143557873227,6.430527820642749
3599.403881073995,3793.3828,193.97893142600515,5.389196040098881
3690.764018309838,3759.8289,69.06483911203713,1.8712884044985607
3581.42527500582,3652.3691,70.94386561918009,1.9808835916327976
3091.541245374893,3139.2656,47.72437962510685,1.5437083265993947
3996.492728930272,3956.9907,39.502006274021824,0.9884168182784407
4771.225773901846,4232.3755,538.850285620596,11.293749471426317
4096.815367653214,4340.2427,243.4273081280362,5.941866700902343
3460.952848820857,3556.722,95.76907500726793,2.767130301699902
3868.317987612614,3596.5884,271.72960870636416,7.024489961179893
4784.552714019763,4415.9214,368.6313273010128,7.704614189344055
4672.256130268637,4329.2656,342.9905052686372,7.341003911292778
4048.11790549786,3824.9668,223.1511086228602,5.512465640385438
4063.084905659857,4090.6199,27.534967387017787,0.6776862415220936
3352.121240190656,3081.5679,270.55336909690595,8.071109297989409
3244.3505136516683,3285.67,41.31940822333172,1.2735802759124444
3691.99318204317,3956.505,264.5117007693302,7.164468830978392
2975.1225738845824,3471.3416,496.2189788497926,16.678942346966412
3736.2349860033264,3779.5918,43.35681087167359,1.160441220482565
3735.9820797797,4358.494,622.5120608452999,16.662608319631115
3490.2989315528125,3672.4294,182.13051180656248,5.218192349087238
3701.337064203927,3420.1133,281.2237829539272,7.5978971402976505
4293.739178188327,4237.587,56.15226412582706,1.3077707283915552
3396.368724567629,3008.57,387.7986562082542,11.418037547075295
3314.273237889984,3392.2405,77.9672406256409,2.3524687021664623
2784.856093607305,2826.323,41.466904439570044,1.4890142630622165
3761.917055856535,3366.3853,395.53180195028517,10.514102147322017
3262.847591645221,3079.6816,183.1659510202212,5.613683933299002
3353.33450304657,3326.8716,26.462921015319807,0.7891524389015688
4065.31585794604,4015.4172,49.89862161791507,1.2274229939694241
4503.670152561977,4210.7124,292.9577502182274,6.504866926179622
3265.2900885312806,3440.6333,175.34321224996938,5.36991224350417
2818.3292387100128,2741.5134,76.81581097563776,2.725579748475284
3520.290626849577,3370.0742,150.21640809957717,4.267159278096614
3044.814001457529,3278.6748,233.86080322997122,7.6806268993122035
3348.002561686505,3503.005,155.00232112599497,4.629695416000964
3458.054295592141,3486.1353,28.08095831410901,0.8120450378671848
3558.131088365277,3879.6504,321.5193022597232,9.03618484746271
4325.009740711361,3883.7544,441.2553461801108,10.202412772081637
3503.261574756681,3228.4883,274.77329350668106,7.843356473481871
3097.207965376507,3195.7117,98.50370454536778,3.1804033066728
2961.509907606816,2794.6243,166.8856400286909,5.635153865264307
4747.55370349979,4506.744,240.80956287478966,5.072287285497588
4414.373046415969,4244.1123,170.26074172846893,3.8569631505589155
2861.099869229125,3167.8772,306.77732803649997,10.72235650827372
3947.2479630903736,3866.6543,80.59366621537356,2.041768517432467
2480.1933269088663,2718.7239,238.5305500442587,9.6174176204863
3919.530397969855,3701.9343,217.59607179798013,5.551585259057702
3785.749304044172,3845.2427,59.49337173707818,1.5715084903673806
3599.9374760687456,3590.9265,9.010962396870582,0.2503088583280302
2374.4750868048777,2775.4724,400.9973253044973,16.887830389666632
3374.73377416014,3531.4573,156.723501230485,4.644025624495026
3057.980102158147,3209.4165,151.43640174810298,4.952170932741774
3128.142051622802,2854.6914,273.4506453728018,8.741631321727938
2906.280512883013,3080.045,173.76440899198678,5.978927643829312
3557.84672902424,3733.147,175.30024363200982,4.927144337105464
3872.005471068717,3641.6965,230.30893786559182,5.94805300732243
4163.769151925833,4039.6682,124.10093903520828,2.9804951837401674
2309.5422456329543,2651.76,342.2177641326707,14.81755810181694
3628.06724407658,3869.6306,241.5633711577948,6.658183404736693
2729.859040448709,3188.098,458.23885994191596,16.786172954431922
3315.395686464144,3479.643,164.2473799421059,4.954080763653133
3575.4296968945955,3347.1375,228.2922457227205,6.385029634927558
3495.959211473847,3572.975,77.01588618240294,2.2029972755298286
3039.845179915273,3100.8967,61.05154860035191,2.0083769069467396
2894.6762040471194,3298.2058,403.5296064997556,13.94040569841873
3711.369461830244,3903.2605,191.89103621663116,5.170356607989144
4045.580480638884,3752.997,292.5834103263842,7.23217376904535
3071.7167704586213,3264.6228,192.90603227575366,6.280072242694169
2661.2753648591943,2963.969,302.69362928143073,11.374006360948146
3352.4842103160186,3191.1829,161.30134898789356,4.811397723859486
3015.6360043015616,3377.9238,362.28782382343843,12.013645655731132
3137.276131262869,3323.0728,185.79662264338094,5.92222727199314
4273.313163449495,4078.4717,194.84148376199482,4.559494619503039
3328.9186110172286,3400.105,71.18636945152139,2.1384232469945768
3673.762391992824,3559.1116,114.65081972719918,3.1208011704046843
3643.027741863776,3581.0935,61.9342360044011,1.7000758817366428
3310.416905091106,3333.9907,23.573817565144054,0.7121102338768802
3710.6970349948265,3391.8733,318.8237439792015,8.592017644459784
3034.7273562892287,3204.0747,169.34735074202126,5.580315160472734
3607.166116321815,3757.606,150.43984070943497,4.170582553121694
4273.918150493717,4323.8965,49.978333881283106,1.1693797616482122
3615.959760056922,3708.5913,92.63154853682818,2.5617416864000164
3932.839238824874,3857.0715,75.76770562174897,1.926539607156387
3893.087770213517,3922.9587,29.87097002085784,0.7672822136044356
3820.4579782253904,3758.1987,62.259247756640434,1.6296278642897146
3242.309725890443,3272.0952,29.785488953306867,0.9186503286673765
3510.0479869682254,3375.566,134.48206899947536,3.831345596948181
2790.0887552290333,3235.1638,445.07506313034173,15.952003759601057
3731.8026760220982,3727.302,4.50067406897324,0.12060321672127416
2711.863505739031,2900.2903,188.4267774640939,6.948239727601786
4189.084225012899,4390.6426,201.55835311210103,4.811513502368895
4694.709771072716,4564.621,130.08867732271574,2.770963140773475
3769.977302565348,3768.2783,1.6989822528480545,0.04506611357293721
3968.5680512092713,4023.398,54.82989800947871,1.3816040773893588
3025.325318861862,3092.1038,66.77844090376311,2.207314383263926
4050.456860047329,4053.8293,3.3724856557960265,0.0832618584106243
3531.240481578776,3477.8452,53.39526673502587,1.5120824258095693
3859.062771331356,3898.905,39.84225796551891,1.0324335292367774
3974.87894075293,3761.9731,212.9057962216798,5.356283786125842
3285.8299765986712,3458.7463,172.91636129195376,5.262486571838639
3800.7890530041454,3829.355,28.565927464604556,0.751578871287951
3799.259806020184,3981.3696,182.109822886066,4.793297436450666
3279.431082310484,3405.5066,126.07550948639118,3.8444323518933716
3228.978871955671,3471.0974,242.1185401537041,7.498300538803527
4270.150132223405,4321.1206,50.97047324534469,1.1936459296995514
2856.758694530948,3200.5542,343.7955046878019,12.034460780533294
3700.830625803397,3838.598,137.7672745872278,3.7226041534208423
3991.454303800196,3624.074,367.38032919082116,9.204172244714028
3341.8519201277104,3593.336,251.4840173722896,7.525289072733033
3960.546097977079,4229.2017,268.65556217917083,6.783295927710362
3469.534971610703,3562.9736,93.438661201797,2.693117722298642
4433.915748511268,4293.6743,140.24143210501825,3.1629250544985146
3625.0513257531647,3543.7104,81.34087653441475,2.2438544788745807
3403.608823030565,3474.978,71.36920431318504,2.096868589312155
3773.387741289335,3346.8552,426.5325166799598,11.303702294167554
3223.828359050802,3276.7996,52.97120149607281,1.6431148186707192
3461.803913770308,3398.4785,63.3253981453081,1.829260111857097
3729.4048814684033,3741.1946,11.789698609721654,0.3161281487109444
4368.709853372297,4177.0103,191.6995994660474,4.388013988113001
3447.500000992326,3258.7632,188.73681739857602,5.474599487868025
3746.8802263705816,3805.5317,58.65151191066843,1.565342588158503
4287.923268271104,4202.192,85.73137373985355,1.9993681877246035
3369.244334122804,3475.3674,106.12309751782095,3.1497596194800908
3888.123338807688,3962.8542,74.73090923918699,1.9220303145553914
4282.921053591967,4185.505,97.4161707794674,2.274526416912755
3277.4142680906702,3622.4126,344.99832956557975,10.526540172981127
3398.54091573739,3696.5283,297.98740457510985,8.768098191645715
3572.021464060935,3386.475,185.54636640468516,5.194435931349149
3268.3084099761127,3509.1775,240.86908025826233,7.369839379999722
3858.9207504289,3822.3318,36.58896331952519,0.9481657096860179
3873.399653859755,3933.591,60.191410593370165,1.5539685024082344
3987.811555908721,3754.6084,233.20315747122095,5.8478981316377645
3762.02495688451,3808.7434,46.718451318614825,1.2418432055619408
3501.5267568557297,3684.6055,183.07871189427033,5.228539565942651
5127.820176703583,4553.883,573.9373642035825,11.192618781974097
3544.3367542511387,3476.2021,68.1346058136387,1.9223513604320155
3167.6042577019507,3307.395,139.7907618292993,4.41313846227481
3775.6780044285383,3758.3342,17.343775912913316,0.4593552705651963
3065.8145202839864,3000.0603,65.75421754961144,2.1447552392543505
3705.205831564541,3811.6938,106.48801609170914,2.874010808914874
4373.563823482171,3905.3333,468.23057152904585,10.705927486757176
3570.7794989477006,3514.5244,56.25508488520063,1.5754286956609576
3273.4625812035138,3235.7012,37.761409328513764,1.1535616611395783
4115.268599329253,3795.0325,320.23612862612845,7.7816580108118245
3607.606038344944,3464.2966,143.30940748556895,3.97242398317181
2842.9829722287127,3078.0278,235.0448598025373,8.267543706682053
3658.1603519360574,3981.6675,323.5071285326926,8.843437613703253
3769.7754241471857,3881.0957,111.32027897781427,2.9529684517744874
4140.336984410471,3945.2312,195.1057832385959,4.712316508854808
3768.94493854805,3583.05,185.89488971992478,4.932279265176503
2687.5314762881385,2487.5686,199.9628727725135,7.440391844217227
3019.697359883894,3332.9685,313.271145975481,10.374256378709623
3988.1230602613896,3722.8845,265.2385387770146,6.6507109928456005
3190.8290837838977,3476.4983,285.66920723172734,8.952820716205888
4416.569392794077,3890.0088,526.5606037315774,11.922389458902098
3365.9741573767924,3639.5493,273.5751590294576,8.127666649783883
3299.630001764539,3300.5293,0.8992951104610256,0.027254422768010676
3337.287814266395,3222.774,114.51388848514489,3.4313458969770463
3769.093077964928,3939.9631,170.87005680069706,4.5334528297973495
3332.535600003766,3145.331,187.20454531626592,5.617480734971124
3902.849443797648,4062.8704,160.02091753047716,4.10010480380636
4456.447636825572,4141.5146,314.93298838807186,7.066906515082621
2638.0772658182937,3081.307,443.22961894733135,16.801237199921356
4006.6103146340793,3858.146,148.46431854032926,3.705484359136843
4180.403341749093,3796.2732,384.13014838971776,9.188829808680534
3366.444468188582,3521.1226,154.67809040516795,4.594701973159154
3624.1785941643366,3660.6042,36.42565388253843,1.0050733686576905
3194.64974070538,3125.6277,69.02205515850483,2.160551570929486
4043.353622395826,4010.875,32.47862239582582,0.8032595075515835
3209.458672354495,3230.4067,20.948065926755135,0.6526977931573551
2778.369724117407,2865.2651,86.8954126013432,3.1275683666955776
3807.240619869674,3993.8796,186.639018802201,4.902212322177574
2787.2534161196013,3258.9998,471.7463397397737,16.92513271349888
3814.148968897855,3610.9893,203.15971108535496,5.326475518969057
4235.250205245418,4057.7385,177.51167985479333,4.191291452744458
3983.9294910932217,4089.4895,105.56001085990329,2.6496455596390787
3088.473478140072,3295.4536,206.98013514117793,6.701697023016842
2948.1963592364136,2941.1877,7.0086150957886275,0.23772551898828975
5195.198943078738,4435.1846,760.014372766238,14.629167835406207
3231.9104643998835,3751.0742,519.1637543501165,16.06367998336604
4183.216404580711,4042.222,140.99448075258624,3.370480202702262
3334.813780426417,3331.0674,3.746397613916997,0.11234203348643808
3738.96476356488,3432.923,306.04166786175483,8.185197968272972
3981.605873690412,3942.09,39.515785799786954,0.9924584967311479
3296.122444035739,3444.4507,148.32823955801086,4.500082811741643
3164.0146539615566,3038.5417,125.47290591468163,3.9656234132032613
3676.3875529587694,3659.6921,16.695414286894447,0.45412552529882
3031.2625495409548,3467.104,435.84145436529525,14.378215256586657
3086.6833414876105,3397.413,310.7297444498895,10.066783990227353
3803.024041727057,3931.6646,128.640509054193,3.3825846916227706
4704.906256013398,3898.7056,806.200689607148,17.13531887222478
3944.501113037533,4070.0522,125.55113305621717,3.1829407435389037
3043.7202433913494,2917.4846,126.23562425072441,4.147412184967143
3901.3069693936577,3991.3997,90.09268880946729,2.3092950520494293
3854.3953797234735,4003.6138,149.21838980777648,3.8713825414164402
4146.364920859204,4184.15,37.784981484545824,0.9112796921095906
3369.068346269054,3431.7295,62.66114591844598,1.859895362106194
3413.757218182464,3559.2341,145.47691267691107,4.261489712920041
3487.728934022964,3488.6501,0.9212124614109598,0.026412960377295604
2873.221457754668,2857.1733,16.04811791091788,0.5585409320818236
3262.1161021548965,3704.294,442.17784315760355,13.554938859027999
3394.6135466563683,3324.6882,69.92531423449327,2.059890272439654
3533.9661332800342,3431.7688,102.19733445190923,2.8918594745291246
4558.776960783601,4472.3555,86.42149203360077,1.895716609455399
3445.232742410807,3384.7559,60.47688303580708,1.7553787380265136
3595.823687037671,3540.0632,55.76045461579588,1.55070046445277
3989.28215950368,3858.7527,130.52947395680485,3.272004053306785
3344.4839647979807,3367.7673,23.28336918639434,0.6961722475413555
4108.598941856552,3625.5063,483.0925942003023,11.758085932378869
4243.867675477822,4133.423,110.44482391532165,2.6024568238425707
3665.708479677836,3238.4443,427.26414374033584,11.655704377721994
2842.55219325338,3187.948,345.3958047934948,12.150904585438047
3501.854485677614,3436.9543,64.90013997448887,1.8533077328006278
3410.0633631623023,3560.5767,150.51329699394773,4.413797661940514
3605.1622001910464,3232.584,372.5782158160464,10.334575675854545
3885.34328960314,3507.3318,378.01150249376497,9.729166107543
3894.020727552749,3530.8406,363.1801513808741,9.326610636947475
3839.6488778690073,4065.2148,225.56596588099274,5.874650861465779
3658.9481768612914,3828.5798,169.63165712308364,4.636077061594149
3165.615799463276,3546.5156,380.89982553672417,12.03240853173986
3937.0437705865984,3730.3425,206.70124128972338,5.250163659189544
3149.188421906079,3173.4824,24.29399996892107,0.7714368502033574
4660.733841344585,4180.2935,480.440384313335,10.308256181707467
3254.87375825386,3128.4216,126.45212739448516,3.8850086604379657
3418.742058884147,2899.2458,519.4962092747719,15.195536847384497
3891.9966776478327,3977.2222,85.22549032091729,2.1897626688731955
3710.1870694457816,4118.4478,408.2606844604684,11.003776273778382
3132.7947711430734,3518.3086,385.5138226069266,12.305747767392464
3932.031627897252,3756.2422,175.78944039725184,4.470702604476746
3917.578228520769,3848.9785,68.59971289576879,1.7510744877115378
3968.6412710376726,3820.0527,148.5885366626726,3.744065701958027
3405.401431383317,3224.1055,181.29596263331678,5.32377654400856
3381.91045589462,3303.3257,78.5847723008701,2.3236798645540127
3537.320411182579,3537.3281,0.0077138174210631405,0.00021806951376746492
3165.82271292908,3261.0842,95.2615155865451,3.0090603367491577
3480.0398010025297,3488.5356,8.495843528720343,0.2441306425941698
3821.659173842535,3635.6208,186.03832423315998,4.867998839522506
4003.743549160727,3689.8152,313.92836361385207,7.840870918909339
3595.451126692508,3219.92,375.53120481750784,10.444619926261183
3315.698012917402,3043.2734,272.42457541740214,8.216205889561769
3300.9982920354914,3506.1206,205.12231343325857,6.213947881408148
3307.125080853385,3433.0876,125.96256563098996,3.8088237533031566
3528.015188206213,3541.6853,13.670114528161776,0.387473233501362
3284.7280175238143,3589.991,305.2629492730607,9.293401086619726
3567.756016413199,3550.361,17.394932428824177,0.4875594729235987
3206.776412135485,3540.7166,333.94014059889014,10.413577302588108
3250.896220805655,3076.6548,174.24143564940505,5.3597969241301575
3495.117141229256,3436.943,58.17402599488105,1.6644370887786857
2547.297355335495,2502.2537,45.04369322612001,1.7682934868900484
3460.9629094954385,3862.9878,402.02488347331155,11.615983585675622
2372.3071247516013,2641.647,269.33984790464865,11.353498250478449
2287.718394969515,2580.6953,292.976917530485,12.806511420929894
3660.786133040444,3448.2822,212.50390647794393,5.804870832523889
3124.095919838362,3255.0493,130.95339656788792,4.191721378857769
3231.235749095531,3408.4587,177.222991138844,5.484681555298194
2699.580238461077,2729.9333,30.353111148298012,1.1243641035689722
3431.205633763549,3171.0693,260.13629782604903,7.581483757961663
4779.69110219219,4654.636,125.05487172343965,2.6163797837496996
2878.8610492488515,3199.921,321.0598491886485,11.15232182784296
3238.070977739954,3287.4207,49.34967655692117,1.524045547369851
3420.2633543529773,3838.3892,418.12580580327267,12.224959381303869
3456.2642656154503,3256.082,200.1822343654503,5.791867142711214
4256.451649422131,3993.1465,263.3051650471307,6.186025044660799
3568.746996110585,3429.9187,138.82829493870986,3.8901131150516557
3876.038565488106,3849.007,27.031485409981087,0.6973998053235839
4122.518555227629,3662.3801,460.1384282745039,11.161585378215403
3461.826975689966,3481.1594,19.33244813815918,0.5584464005254361
4168.399079295711,3910.0088,258.3902902332111,6.198789638847835
3659.265103509692,3785.571,126.30594141218307,3.451675072435717
3539.9092738013514,3493.054,46.855318723226446,1.3236304972559538
3738.358960343762,3828.9292,90.57023887498781,2.4227271868686304
3331.968923321992,3618.919,286.95002199050805,8.61202575996469
3691.064949747456,3592.9119,98.15308451308101,2.6592077313566826
4163.621366066398,3933.237,230.38430551952297,5.533267443508671
3694.009108907892,3745.7578,51.748703592108086,1.4008818621296586
3292.884597009574,3502.3645,209.479904943551,6.361592663581035
4286.448417385734,3929.1694,357.2789837919836,8.335081844047592
3945.8382797487807,3811.6135,134.22475435815568,3.4016790563119925
4157.202763947401,3991.9775,165.22522488490085,3.974432671838553
3881.3314924897695,3981.7292,100.39775555710548,2.5866833521272627
3688.102273105591,3560.0344,128.06784927746594,3.472459270215019
3245.299975552651,3370.391,125.09113772859882,3.854532359748861
3621.932814531508,3415.8386,206.09419148463303,5.690171575181221
3560.0918335188835,3721.008,160.9162231217415,4.520002029348999
3669.798461769942,3564.388,105.41052231681715,2.872379053371168
2902.1316701652486,2840.613,61.51863305587358,2.1197740160552634
3344.1890003530298,3468.5583,124.36934925634523,3.718968911243239
3921.947355886917,4087.1414,165.1940015349578,4.212040258189557
3330.654961125933,3659.4,328.7449412178171,9.870279120917537
3511.5128646848307,3124.5837,386.9291244504557,11.018872473508189
3507.928986089408,3391.315,116.61404468315823,3.324298899595399
4246.223369327407,4317.877,71.65358379759255,1.687466192079818
3804.1360569310064,3571.4324,232.70368388413135,6.11712305768226
3477.5851261678886,3357.3027,120.28239179288857,3.458790724856627
